Region Code: OA,,,,,,,,,
Region Name: Oceania,,,,,,,,,
Country Code: AUS,,,,,,,,,
Country Name: Australia,,,,,,,,,
Export date: 6/10/2025 7:18:47 AM,,,,,,,,,
"Source location: ""WHO Mortality Database portal""",,,,,,,,,
Metadata information: ,,,,,,,,,
,,,,,,,,,
Indicator Code,Indicator Name,Year,Sex,Age group code,Age Group,Number,Percentage of cause-specific deaths out of total deaths,Age-standardized death rate per 100 000 standard population,Death rate per 100 000 population
CG0670,"Trachea, bronchus, lung cancers",2002,All,Age00,[0],0,0,,0
CG0670,"Trachea, bronchus, lung cancers",2002,All,Age01_04,[1-4],0,0,,0
CG0670,"Trachea, bronchus, lung cancers",2002,All,Age05_09,[5-9],0,0,,0
CG0670,"Trachea, bronchus, lung cancers",2002,All,Age10_14,[10-14],0,0,,0
CG0670,"Trachea, bronchus, lung cancers",2002,All,Age15_19,[15-19],1,0.16286645,,0.07352374
CG0670,"Trachea, bronchus, lung cancers",2002,All,Age20_24,[20-24],2,0.25188917,,0.15046735
CG0670,"Trachea, bronchus, lung cancers",2002,All,Age25_29,[25-29],4,0.39800995,,0.2905906
CG0670,"Trachea, bronchus, lung cancers",2002,All,Age30_34,[30-34],5,0.41390728,,0.33315432
CG0670,"Trachea, bronchus, lung cancers",2002,All,Age35_39,[35-39],19,1.32588974,,1.28767465
CG0670,"Trachea, bronchus, lung cancers",2002,All,Age40_44,[40-44],64,3.18566451,,4.2330198
CG0670,"Trachea, bronchus, lung cancers",2002,All,Age45_49,[45-49],165,5.80781415,,11.97769101
CG0670,"Trachea, bronchus, lung cancers",2002,All,Age50_54,[50-54],331,8.40314801,,25.43983632
CG0670,"Trachea, bronchus, lung cancers",2002,All,Age55_59,[55-59],559,10.81656347,,51.48216129
CG0670,"Trachea, bronchus, lung cancers",2002,All,Age60_64,[60-64],742,10.98120468,,87.57125491
CG0670,"Trachea, bronchus, lung cancers",2002,All,Age65_69,[65-69],961,10.61057745,,137.2955211
CG0670,"Trachea, bronchus, lung cancers",2002,All,Age70_74,[70-74],1391,9.88768837,,218.2775687
CG0670,"Trachea, bronchus, lung cancers",2002,All,Age75_79,[75-79],1455,7.37605191,,275.4278597
CG0670,"Trachea, bronchus, lung cancers",2002,All,Age80_84,[80-84],943,4.20569084,,270.5028542
CG0670,"Trachea, bronchus, lung cancers",2002,All,Age85_over,[85+],602,1.50117201,,217.4415581
CG0670,"Trachea, bronchus, lung cancers",2003,All,Age00,[0],1,0.08354219,,0.40588863
CG0670,"Trachea, bronchus, lung cancers",2003,All,Age01_04,[1-4],0,0,,0
CG0670,"Trachea, bronchus, lung cancers",2003,All,Age05_09,[5-9],1,0.67567568,,0.07476837
CG0670,"Trachea, bronchus, lung cancers",2003,All,Age10_14,[10-14],0,0,,0
CG0670,"Trachea, bronchus, lung cancers",2003,All,Age15_19,[15-19],0,0,,0
CG0670,"Trachea, bronchus, lung cancers",2003,All,Age20_24,[20-24],2,0.24125452,,0.14662284
CG0670,"Trachea, bronchus, lung cancers",2003,All,Age25_29,[25-29],3,0.33259424,,0.2202779
CG0670,"Trachea, bronchus, lung cancers",2003,All,Age30_34,[30-34],5,0.42337003,,0.32897962
CG0670,"Trachea, bronchus, lung cancers",2003,All,Age35_39,[35-39],15,1.04311544,,1.02640109
CG0670,"Trachea, bronchus, lung cancers",2003,All,Age40_44,[40-44],76,3.62941738,,4.95398982
CG0670,"Trachea, bronchus, lung cancers",2003,All,Age45_49,[45-49],159,5.55167598,,11.3376987
CG0670,"Trachea, bronchus, lung cancers",2003,All,Age50_54,[50-54],294,8.11258278,,22.41608835
CG0670,"Trachea, bronchus, lung cancers",2003,All,Age55_59,[55-59],529,9.96045942,,45.80693373
CG0670,"Trachea, bronchus, lung cancers",2003,All,Age60_64,[60-64],735,10.97834205,,84.44393382
CG0670,"Trachea, bronchus, lung cancers",2003,All,Age65_69,[65-69],947,10.50471436,,131.2621542
CG0670,"Trachea, bronchus, lung cancers",2003,All,Age70_74,[70-74],1258,9.49147427,,198.9426625
CG0670,"Trachea, bronchus, lung cancers",2003,All,Age75_79,[75-79],1361,7.04633704,,252.4596732
CG0670,"Trachea, bronchus, lung cancers",2003,All,Age80_84,[80-84],969,4.29159839,,263.9873809
CG0670,"Trachea, bronchus, lung cancers",2003,All,Age85_over,[85+],631,1.56583453,,220.2720063
CG0670,"Trachea, bronchus, lung cancers",2004,All,Age00,[0],1,0.08396306,,0.39547732
CG0670,"Trachea, bronchus, lung cancers",2004,All,Age01_04,[1-4],0,0,,0
CG0670,"Trachea, bronchus, lung cancers",2004,All,Age05_09,[5-9],0,0,,0
CG0670,"Trachea, bronchus, lung cancers",2004,All,Age10_14,[10-14],0,0,,0
CG0670,"Trachea, bronchus, lung cancers",2004,All,Age15_19,[15-19],0,0,,0
CG0670,"Trachea, bronchus, lung cancers",2004,All,Age20_24,[20-24],0,0,,0
CG0670,"Trachea, bronchus, lung cancers",2004,All,Age25_29,[25-29],1,0.11148272,,0.0734015
CG0670,"Trachea, bronchus, lung cancers",2004,All,Age30_34,[30-34],5,0.42844901,,0.3277601
CG0670,"Trachea, bronchus, lung cancers",2004,All,Age35_39,[35-39],23,1.7037037,,1.56931565
CG0670,"Trachea, bronchus, lung cancers",2004,All,Age40_44,[40-44],75,3.74251497,,4.85396365
CG0670,"Trachea, bronchus, lung cancers",2004,All,Age45_49,[45-49],179,6.36784063,,12.44835497
CG0670,"Trachea, bronchus, lung cancers",2004,All,Age50_54,[50-54],293,7.74312896,,22.1572545
CG0670,"Trachea, bronchus, lung cancers",2004,All,Age55_59,[55-59],554,10.38620172,,46.26613887
CG0670,"Trachea, bronchus, lung cancers",2004,All,Age60_64,[60-64],768,11.47296086,,85.11883387
CG0670,"Trachea, bronchus, lung cancers",2004,All,Age65_69,[65-69],943,10.53866786,,127.7637549
CG0670,"Trachea, bronchus, lung cancers",2004,All,Age70_74,[70-74],1249,9.81455288,,199.6981345
CG0670,"Trachea, bronchus, lung cancers",2004,All,Age75_79,[75-79],1413,7.33226091,,259.7975675
CG0670,"Trachea, bronchus, lung cancers",2004,All,Age80_84,[80-84],1094,4.6476061,,285.7613031
CG0670,"Trachea, bronchus, lung cancers",2004,All,Age85_over,[85+],663,1.6303546,,229.5499713
CG0670,"Trachea, bronchus, lung cancers",2006,All,Age00,[0],1,0.0792393,,0.38825452
CG0670,"Trachea, bronchus, lung cancers",2006,All,Age01_04,[1-4],0,0,,0
CG0670,"Trachea, bronchus, lung cancers",2006,All,Age05_09,[5-9],0,0,,0
CG0670,"Trachea, bronchus, lung cancers",2006,All,Age10_14,[10-14],0,0,,0
CG0670,"Trachea, bronchus, lung cancers",2006,All,Age15_19,[15-19],0,0,,0
CG0670,"Trachea, bronchus, lung cancers",2006,All,Age20_24,[20-24],0,0,,0
CG0670,"Trachea, bronchus, lung cancers",2006,All,Age25_29,[25-29],5,0.64267352,,0.36454733
CG0670,"Trachea, bronchus, lung cancers",2006,All,Age30_34,[30-34],6,0.57636888,,0.39579194
CG0670,"Trachea, bronchus, lung cancers",2006,All,Age35_39,[35-39],20,1.45560408,,1.34885051
CG0670,"Trachea, bronchus, lung cancers",2006,All,Age40_44,[40-44],66,3.40030912,,4.27861567
CG0670,"Trachea, bronchus, lung cancers",2006,All,Age45_49,[45-49],184,6.38445524,,12.55760117
CG0670,"Trachea, bronchus, lung cancers",2006,All,Age50_54,[50-54],322,8.51626554,,24.05708552
CG0670,"Trachea, bronchus, lung cancers",2006,All,Age55_59,[55-59],552,10.1957887,,44.5662301
CG0670,"Trachea, bronchus, lung cancers",2006,All,Age60_64,[60-64],835,12.28121783,,88.40216527
CG0670,"Trachea, bronchus, lung cancers",2006,All,Age65_69,[65-69],970,11.20480536,,127.2431525
CG0670,"Trachea, bronchus, lung cancers",2006,All,Age70_74,[70-74],1158,9.88476312,,185.2213219
CG0670,"Trachea, bronchus, lung cancers",2006,All,Age75_79,[75-79],1321,7.30722425,,240.5461362
CG0670,"Trachea, bronchus, lung cancers",2006,All,Age80_84,[80-84],1143,4.78703355,,288.8566533
CG0670,"Trachea, bronchus, lung cancers",2006,All,Age85_over,[85+],770,1.73960192,,252.3589002
CG0670,"Trachea, bronchus, lung cancers",2007,All,Age00,[0],1,0.08312552,,0.36170421
CG0670,"Trachea, bronchus, lung cancers",2007,All,Age01_04,[1-4],0,0,,0
CG0670,"Trachea, bronchus, lung cancers",2007,All,Age05_09,[5-9],0,0,,0
CG0670,"Trachea, bronchus, lung cancers",2007,All,Age10_14,[10-14],0,0,,0
CG0670,"Trachea, bronchus, lung cancers",2007,All,Age15_19,[15-19],1,0.19305019,,0.06908382
CG0670,"Trachea, bronchus, lung cancers",2007,All,Age20_24,[20-24],3,0.38363171,,0.19888281
CG0670,"Trachea, bronchus, lung cancers",2007,All,Age25_29,[25-29],3,0.34285714,,0.20607354
CG0670,"Trachea, bronchus, lung cancers",2007,All,Age30_34,[30-34],9,0.85470085,,0.61000737
CG0670,"Trachea, bronchus, lung cancers",2007,All,Age35_39,[35-39],22,1.49965917,,1.40139349
CG0670,"Trachea, bronchus, lung cancers",2007,All,Age40_44,[40-44],79,4.19766206,,5.18972723
CG0670,"Trachea, bronchus, lung cancers",2007,All,Age45_49,[45-49],162,5.56127703,,10.63023515
CG0670,"Trachea, bronchus, lung cancers",2007,All,Age50_54,[50-54],331,8.3480454,,23.86159984
CG0670,"Trachea, bronchus, lung cancers",2007,All,Age55_59,[55-59],531,9.70927043,,41.82571202
CG0670,"Trachea, bronchus, lung cancers",2007,All,Age60_64,[60-64],868,11.80952381,,81.52554201
CG0670,"Trachea, bronchus, lung cancers",2007,All,Age65_69,[65-69],1044,11.54867257,,129.249511
CG0670,"Trachea, bronchus, lung cancers",2007,All,Age70_74,[70-74],1153,9.84124274,,178.3043917
CG0670,"Trachea, bronchus, lung cancers",2007,All,Age75_79,[75-79],1459,8.03281396,,263.8560601
CG0670,"Trachea, bronchus, lung cancers",2007,All,Age80_84,[80-84],1158,4.79940318,,278.9756438
CG0670,"Trachea, bronchus, lung cancers",2007,All,Age85_over,[85+],811,1.73242475,,237.2510473
CG0670,"Trachea, bronchus, lung cancers",2008,All,Age00,[0],0,0,,0
CG0670,"Trachea, bronchus, lung cancers",2008,All,Age01_04,[1-4],0,0,,0
CG0670,"Trachea, bronchus, lung cancers",2008,All,Age05_09,[5-9],0,0,,0
CG0670,"Trachea, bronchus, lung cancers",2008,All,Age10_14,[10-14],0,0,,0
CG0670,"Trachea, bronchus, lung cancers",2008,All,Age15_19,[15-19],0,0,,0
CG0670,"Trachea, bronchus, lung cancers",2008,All,Age20_24,[20-24],0,0,,0
CG0670,"Trachea, bronchus, lung cancers",2008,All,Age25_29,[25-29],0,0,,0
CG0670,"Trachea, bronchus, lung cancers",2008,All,Age30_34,[30-34],10,0.93632959,,0.67552642
CG0670,"Trachea, bronchus, lung cancers",2008,All,Age35_39,[35-39],22,1.51098901,,1.37272043
CG0670,"Trachea, bronchus, lung cancers",2008,All,Age40_44,[40-44],68,3.52697095,,4.48141465
CG0670,"Trachea, bronchus, lung cancers",2008,All,Age45_49,[45-49],167,5.70550051,,10.75571454
CG0670,"Trachea, bronchus, lung cancers",2008,All,Age50_54,[50-54],325,8.12703176,,23.05500854
CG0670,"Trachea, bronchus, lung cancers",2008,All,Age55_59,[55-59],520,9.62072155,,40.42998848
CG0670,"Trachea, bronchus, lung cancers",2008,All,Age60_64,[60-64],917,12.12962963,,81.32619342
CG0670,"Trachea, bronchus, lung cancers",2008,All,Age65_69,[65-69],1056,11.4895006,,126.8825111
CG0670,"Trachea, bronchus, lung cancers",2008,All,Age70_74,[70-74],1206,9.8828157,,181.6497594
CG0670,"Trachea, bronchus, lung cancers",2008,All,Age75_79,[75-79],1448,7.96041781,,262.4567255
CG0670,"Trachea, bronchus, lung cancers",2008,All,Age80_84,[80-84],1295,5.13827719,,305.0669381
CG0670,"Trachea, bronchus, lung cancers",2008,All,Age85_over,[85+],922,1.81100352,,257.2070991
CG0670,"Trachea, bronchus, lung cancers",2009,All,Age00,[0],0,0,,0
CG0670,"Trachea, bronchus, lung cancers",2009,All,Age01_04,[1-4],0,0,,0
CG0670,"Trachea, bronchus, lung cancers",2009,All,Age05_09,[5-9],0,0,,0
CG0670,"Trachea, bronchus, lung cancers",2009,All,Age10_14,[10-14],0,0,,0
CG0670,"Trachea, bronchus, lung cancers",2009,All,Age15_19,[15-19],0,0,,0
CG0670,"Trachea, bronchus, lung cancers",2009,All,Age20_24,[20-24],0,0,,0
CG0670,"Trachea, bronchus, lung cancers",2009,All,Age25_29,[25-29],4,0.43763676,,0.24903949
CG0670,"Trachea, bronchus, lung cancers",2009,All,Age30_34,[30-34],6,0.5842259,,0.39937697
CG0670,"Trachea, bronchus, lung cancers",2009,All,Age35_39,[35-39],20,1.32450331,,1.23614284
CG0670,"Trachea, bronchus, lung cancers",2009,All,Age40_44,[40-44],66,3.38983051,,4.32080257
CG0670,"Trachea, bronchus, lung cancers",2009,All,Age45_49,[45-49],164,5.45938748,,10.4283774
CG0670,"Trachea, bronchus, lung cancers",2009,All,Age50_54,[50-54],322,7.76090624,,22.38417925
CG0670,"Trachea, bronchus, lung cancers",2009,All,Age55_59,[55-59],544,10.01104159,,41.64889826
CG0670,"Trachea, bronchus, lung cancers",2009,All,Age60_64,[60-64],872,11.46764861,,74.57383023
CG0670,"Trachea, bronchus, lung cancers",2009,All,Age65_69,[65-69],1052,11.50858768,,121.1318691
CG0670,"Trachea, bronchus, lung cancers",2009,All,Age70_74,[70-74],1260,10.42183623,,183.6924813
CG0670,"Trachea, bronchus, lung cancers",2009,All,Age75_79,[75-79],1257,7.47546833,,227.7281176
CG0670,"Trachea, bronchus, lung cancers",2009,All,Age80_84,[80-84],1268,5.24682418,,293.548417
CG0670,"Trachea, bronchus, lung cancers",2009,All,Age85_over,[85+],951,1.90546795,,253.5513182
CG0670,"Trachea, bronchus, lung cancers",2010,All,Age00,[0],0,0,,0
CG0670,"Trachea, bronchus, lung cancers",2010,All,Age01_04,[1-4],0,0,,0
CG0670,"Trachea, bronchus, lung cancers",2010,All,Age05_09,[5-9],0,0,,0
CG0670,"Trachea, bronchus, lung cancers",2010,All,Age10_14,[10-14],0,0,,0
CG0670,"Trachea, bronchus, lung cancers",2010,All,Age15_19,[15-19],1,0.18903592,,0.06674458
CG0670,"Trachea, bronchus, lung cancers",2010,All,Age20_24,[20-24],0,0,,0
CG0670,"Trachea, bronchus, lung cancers",2010,All,Age25_29,[25-29],5,0.59737157,,0.30167041
CG0670,"Trachea, bronchus, lung cancers",2010,All,Age30_34,[30-34],2,0.19782394,,0.13080505
CG0670,"Trachea, bronchus, lung cancers",2010,All,Age35_39,[35-39],22,1.51410874,,1.36136676
CG0670,"Trachea, bronchus, lung cancers",2010,All,Age40_44,[40-44],67,3.44827586,,4.32366854
CG0670,"Trachea, bronchus, lung cancers",2010,All,Age45_49,[45-49],158,5.3432533,,10.02628409
CG0670,"Trachea, bronchus, lung cancers",2010,All,Age50_54,[50-54],319,7.82246199,,21.73178481
CG0670,"Trachea, bronchus, lung cancers",2010,All,Age55_59,[55-59],521,9.54212454,,39.31467207
CG0670,"Trachea, bronchus, lung cancers",2010,All,Age60_64,[60-64],874,11.53034301,,72.16037768
CG0670,"Trachea, bronchus, lung cancers",2010,All,Age65_69,[65-69],1134,12.11667913,,124.8655273
CG0670,"Trachea, bronchus, lung cancers",2010,All,Age70_74,[70-74],1305,10.5437505,,183.7893563
CG0670,"Trachea, bronchus, lung cancers",2010,All,Age75_79,[75-79],1318,8.05032983,,238.3096289
CG0670,"Trachea, bronchus, lung cancers",2010,All,Age80_84,[80-84],1288,5.30608882,,292.7878266
CG0670,"Trachea, bronchus, lung cancers",2010,All,Age85_over,[85+],1088,2.06228557,,275.8347932
CG0670,"Trachea, bronchus, lung cancers",2011,All,Age00,[0],0,0,,0
CG0670,"Trachea, bronchus, lung cancers",2011,All,Age01_04,[1-4],0,0,,0
CG0670,"Trachea, bronchus, lung cancers",2011,All,Age05_09,[5-9],0,0,,0
CG0670,"Trachea, bronchus, lung cancers",2011,All,Age10_14,[10-14],0,0,,0
CG0670,"Trachea, bronchus, lung cancers",2011,All,Age15_19,[15-19],0,0,,0
CG0670,"Trachea, bronchus, lung cancers",2011,All,Age20_24,[20-24],1,0.13495277,,0.06204771
CG0670,"Trachea, bronchus, lung cancers",2011,All,Age25_29,[25-29],3,0.34443169,,0.18092234
CG0670,"Trachea, bronchus, lung cancers",2011,All,Age30_34,[30-34],9,0.87633885,,0.58587609
CG0670,"Trachea, bronchus, lung cancers",2011,All,Age35_39,[35-39],25,1.7921147,,1.58840086
CG0670,"Trachea, bronchus, lung cancers",2011,All,Age40_44,[40-44],59,3.11181435,,3.71713486
CG0670,"Trachea, bronchus, lung cancers",2011,All,Age45_49,[45-49],177,6.25884017,,11.47981272
CG0670,"Trachea, bronchus, lung cancers",2011,All,Age50_54,[50-54],341,8.30087634,,22.82366942
CG0670,"Trachea, bronchus, lung cancers",2011,All,Age55_59,[55-59],577,10.4038947,,43.18884904
CG0670,"Trachea, bronchus, lung cancers",2011,All,Age60_64,[60-64],899,11.43038779,,73.3278956
CG0670,"Trachea, bronchus, lung cancers",2011,All,Age65_69,[65-69],1166,12.23119689,,122.1889213
CG0670,"Trachea, bronchus, lung cancers",2011,All,Age70_74,[70-74],1235,9.8855359,,169.7195573
CG0670,"Trachea, bronchus, lung cancers",2011,All,Age75_79,[75-79],1284,7.78276155,,229.9669915
CG0670,"Trachea, bronchus, lung cancers",2011,All,Age80_84,[80-84],1230,5.05714991,,277.0070626
CG0670,"Trachea, bronchus, lung cancers",2011,All,Age85_over,[85+],1111,1.99436337,,275.2677729
CG0670,"Trachea, bronchus, lung cancers",2012,All,Age00,[0],1,0.09699321,,0.32785058
CG0670,"Trachea, bronchus, lung cancers",2012,All,Age01_04,[1-4],0,0,,0
CG0670,"Trachea, bronchus, lung cancers",2012,All,Age05_09,[5-9],1,0.78125,,0.07044337
CG0670,"Trachea, bronchus, lung cancers",2012,All,Age10_14,[10-14],0,0,,0
CG0670,"Trachea, bronchus, lung cancers",2012,All,Age15_19,[15-19],0,0,,0
CG0670,"Trachea, bronchus, lung cancers",2012,All,Age20_24,[20-24],0,0,,0
CG0670,"Trachea, bronchus, lung cancers",2012,All,Age25_29,[25-29],3,0.35252644,,0.1768283
CG0670,"Trachea, bronchus, lung cancers",2012,All,Age30_34,[30-34],4,0.4069176,,0.25138987
CG0670,"Trachea, bronchus, lung cancers",2012,All,Age35_39,[35-39],9,0.69124424,,0.57827609
CG0670,"Trachea, bronchus, lung cancers",2012,All,Age40_44,[40-44],59,2.98582996,,3.60739773
CG0670,"Trachea, bronchus, lung cancers",2012,All,Age45_49,[45-49],136,5.11855476,,8.87325919
CG0670,"Trachea, bronchus, lung cancers",2012,All,Age50_54,[50-54],325,8.06852036,,21.32951808
CG0670,"Trachea, bronchus, lung cancers",2012,All,Age55_59,[55-59],535,9.78419898,,39.16252227
CG0670,"Trachea, bronchus, lung cancers",2012,All,Age60_64,[60-64],864,11.40142518,,70.5876586
CG0670,"Trachea, bronchus, lung cancers",2012,All,Age65_69,[65-69],1217,12.29665555,,118.891544
CG0670,"Trachea, bronchus, lung cancers",2012,All,Age70_74,[70-74],1297,10.59121346,,171.691432
CG0670,"Trachea, bronchus, lung cancers",2012,All,Age75_79,[75-79],1307,7.95012165,,228.1351566
CG0670,"Trachea, bronchus, lung cancers",2012,All,Age80_84,[80-84],1280,5.35363252,,287.1300677
CG0670,"Trachea, bronchus, lung cancers",2012,All,Age85_over,[85+],1100,1.92799804,,261.7383711
CG0670,"Trachea, bronchus, lung cancers",2013,All,Age00,[0],0,0,,0
CG0670,"Trachea, bronchus, lung cancers",2013,All,Age01_04,[1-4],0,0,,0
CG0670,"Trachea, bronchus, lung cancers",2013,All,Age05_09,[5-9],1,0.73529412,,0.06872819
CG0670,"Trachea, bronchus, lung cancers",2013,All,Age10_14,[10-14],0,0,,0
CG0670,"Trachea, bronchus, lung cancers",2013,All,Age15_19,[15-19],0,0,,0
CG0670,"Trachea, bronchus, lung cancers",2013,All,Age20_24,[20-24],0,0,,0
CG0670,"Trachea, bronchus, lung cancers",2013,All,Age25_29,[25-29],2,0.24968789,,0.11596731
CG0670,"Trachea, bronchus, lung cancers",2013,All,Age30_34,[30-34],9,0.9127789,,0.54399565
CG0670,"Trachea, bronchus, lung cancers",2013,All,Age35_39,[35-39],17,1.3322884,,1.09527049
CG0670,"Trachea, bronchus, lung cancers",2013,All,Age40_44,[40-44],54,2.76356192,,3.25000481
CG0670,"Trachea, bronchus, lung cancers",2013,All,Age45_49,[45-49],131,4.66192171,,8.56196279
CG0670,"Trachea, bronchus, lung cancers",2013,All,Age50_54,[50-54],343,8.36177474,,22.17740762
CG0670,"Trachea, bronchus, lung cancers",2013,All,Age55_59,[55-59],555,9.93555317,,39.81994211
CG0670,"Trachea, bronchus, lung cancers",2013,All,Age60_64,[60-64],827,10.86870811,,66.63884005
CG0670,"Trachea, bronchus, lung cancers",2013,All,Age65_69,[65-69],1231,11.64176281,,113.8568715
CG0670,"Trachea, bronchus, lung cancers",2013,All,Age70_74,[70-74],1363,10.94339623,,174.2975667
CG0670,"Trachea, bronchus, lung cancers",2013,All,Age75_79,[75-79],1275,7.80484819,,216.0302951
CG0670,"Trachea, bronchus, lung cancers",2013,All,Age80_84,[80-84],1191,5.13052468,,266.2594901
CG0670,"Trachea, bronchus, lung cancers",2013,All,Age85_over,[85+],1215,2.12278985,,277.8101699
CG0670,"Trachea, bronchus, lung cancers",2014,All,Age00,[0],1,0.09881423,,0.32638034
CG0670,"Trachea, bronchus, lung cancers",2014,All,Age01_04,[1-4],0,0,,0
CG0670,"Trachea, bronchus, lung cancers",2014,All,Age05_09,[5-9],0,0,,0
CG0670,"Trachea, bronchus, lung cancers",2014,All,Age10_14,[10-14],0,0,,0
CG0670,"Trachea, bronchus, lung cancers",2014,All,Age15_19,[15-19],0,0,,0
CG0670,"Trachea, bronchus, lung cancers",2014,All,Age20_24,[20-24],0,0,,0
CG0670,"Trachea, bronchus, lung cancers",2014,All,Age25_29,[25-29],4,0.47225502,,0.22710704
CG0670,"Trachea, bronchus, lung cancers",2014,All,Age30_34,[30-34],5,0.45454545,,0.29303411
CG0670,"Trachea, bronchus, lung cancers",2014,All,Age35_39,[35-39],10,0.723589,,0.64239856
CG0670,"Trachea, bronchus, lung cancers",2014,All,Age40_44,[40-44],51,2.43785851,,3.06318449
CG0670,"Trachea, bronchus, lung cancers",2014,All,Age45_49,[45-49],139,4.99102334,,9.01391645
CG0670,"Trachea, bronchus, lung cancers",2014,All,Age50_54,[50-54],340,7.90330079,,21.75974933
CG0670,"Trachea, bronchus, lung cancers",2014,All,Age55_59,[55-59],537,9.20939804,,37.84419187
CG0670,"Trachea, bronchus, lung cancers",2014,All,Age60_64,[60-64],848,10.65996229,,67.05608752
CG0670,"Trachea, bronchus, lung cancers",2014,All,Age65_69,[65-69],1248,11.52886836,,111.5612496
CG0670,"Trachea, bronchus, lung cancers",2014,All,Age70_74,[70-74],1348,10.37641444,,165.4852721
CG0670,"Trachea, bronchus, lung cancers",2014,All,Age75_79,[75-79],1343,7.90558041,,220.6040576
CG0670,"Trachea, bronchus, lung cancers",2014,All,Age80_84,[80-84],1169,5.03683916,,260.9048869
CG0670,"Trachea, bronchus, lung cancers",2014,All,Age85_over,[85+],1208,1.99011532,,266.299843
CG0670,"Trachea, bronchus, lung cancers",2016,All,Age00,[0],0,0,,0
CG0670,"Trachea, bronchus, lung cancers",2016,All,Age01_04,[1-4],0,0,,0
CG0670,"Trachea, bronchus, lung cancers",2016,All,Age05_09,[5-9],0,0,,0
CG0670,"Trachea, bronchus, lung cancers",2016,All,Age10_14,[10-14],0,0,,0
CG0670,"Trachea, bronchus, lung cancers",2016,All,Age15_19,[15-19],0,0,,0
CG0670,"Trachea, bronchus, lung cancers",2016,All,Age20_24,[20-24],0,0,,0
CG0670,"Trachea, bronchus, lung cancers",2016,All,Age25_29,[25-29],1,0.11547344,,0.0551178
CG0670,"Trachea, bronchus, lung cancers",2016,All,Age30_34,[30-34],9,0.79295154,,0.50164847
CG0670,"Trachea, bronchus, lung cancers",2016,All,Age35_39,[35-39],14,1.02040816,,0.87093816
CG0670,"Trachea, bronchus, lung cancers",2016,All,Age40_44,[40-44],51,2.46376812,,3.13503519
CG0670,"Trachea, bronchus, lung cancers",2016,All,Age45_49,[45-49],144,5.03848845,,8.97235393
CG0670,"Trachea, bronchus, lung cancers",2016,All,Age50_54,[50-54],283,6.78006708,,18.27603398
CG0670,"Trachea, bronchus, lung cancers",2016,All,Age55_59,[55-59],562,9.44855414,,38.0780736
CG0670,"Trachea, bronchus, lung cancers",2016,All,Age60_64,[60-64],847,10.80494961,,64.90963613
CG0670,"Trachea, bronchus, lung cancers",2016,All,Age65_69,[65-69],1160,10.58008026,,97.22791481
CG0670,"Trachea, bronchus, lung cancers",2016,All,Age70_74,[70-74],1443,10.49225624,,162.0991332
CG0670,"Trachea, bronchus, lung cancers",2016,All,Age75_79,[75-79],1408,7.99001248,,216.2162162
CG0670,"Trachea, bronchus, lung cancers",2016,All,Age80_84,[80-84],1168,5.04187171,,256.645199
CG0670,"Trachea, bronchus, lung cancers",2016,All,Age85_over,[85+],1321,2.05801707,,273.6808521
CG0670,"Trachea, bronchus, lung cancers",2015,All,Age00,[0],0,0,,0
CG0670,"Trachea, bronchus, lung cancers",2015,All,Age01_04,[1-4],0,0,,0
CG0670,"Trachea, bronchus, lung cancers",2015,All,Age05_09,[5-9],0,0,,0
CG0670,"Trachea, bronchus, lung cancers",2015,All,Age10_14,[10-14],0,0,,0
CG0670,"Trachea, bronchus, lung cancers",2015,All,Age15_19,[15-19],0,0,,0
CG0670,"Trachea, bronchus, lung cancers",2015,All,Age20_24,[20-24],3,0.44247788,,0.17896782
CG0670,"Trachea, bronchus, lung cancers",2015,All,Age25_29,[25-29],2,0.23446659,,0.11198045
CG0670,"Trachea, bronchus, lung cancers",2015,All,Age30_34,[30-34],8,0.72332731,,0.45654517
CG0670,"Trachea, bronchus, lung cancers",2015,All,Age35_39,[35-39],27,1.89739986,,1.71651118
CG0670,"Trachea, bronchus, lung cancers",2015,All,Age40_44,[40-44],73,3.41440599,,4.41031652
CG0670,"Trachea, bronchus, lung cancers",2015,All,Age45_49,[45-49],149,5.08012274,,9.54009079
CG0670,"Trachea, bronchus, lung cancers",2015,All,Age50_54,[50-54],327,7.4640493,,20.9625194
CG0670,"Trachea, bronchus, lung cancers",2015,All,Age55_59,[55-59],579,9.68551355,,40.05168674
CG0670,"Trachea, bronchus, lung cancers",2015,All,Age60_64,[60-64],870,10.98068913,,67.85398135
CG0670,"Trachea, bronchus, lung cancers",2015,All,Age65_69,[65-69],1190,10.78875793,,102.9074378
CG0670,"Trachea, bronchus, lung cancers",2015,All,Age70_74,[70-74],1424,10.56223112,,167.4681381
CG0670,"Trachea, bronchus, lung cancers",2015,All,Age75_79,[75-79],1353,7.6813898,,214.5807033
CG0670,"Trachea, bronchus, lung cancers",2015,All,Age80_84,[80-84],1197,5.1243632,,267.1058181
CG0670,"Trachea, bronchus, lung cancers",2015,All,Age85_over,[85+],1267,1.97364322,,270.1809381
CG0670,"Trachea, bronchus, lung cancers",2023,All,Age00,[0],0,0,,0
CG0670,"Trachea, bronchus, lung cancers",2023,All,Age01_04,[1-4],0,0,,0
CG0670,"Trachea, bronchus, lung cancers",2023,All,Age05_09,[5-9],0,0,,0
CG0670,"Trachea, bronchus, lung cancers",2023,All,Age10_14,[10-14],0,0,,0
CG0670,"Trachea, bronchus, lung cancers",2023,All,Age15_19,[15-19],0,0,,0
CG0670,"Trachea, bronchus, lung cancers",2023,All,Age20_24,[20-24],0,0,,0
CG0670,"Trachea, bronchus, lung cancers",2023,All,Age25_29,[25-29],1,0.11173184,,0.05203864
CG0670,"Trachea, bronchus, lung cancers",2023,All,Age30_34,[30-34],14,1.27041742,,0.7061463
CG0670,"Trachea, bronchus, lung cancers",2023,All,Age35_39,[35-39],24,1.66320166,,1.23847573
CG0670,"Trachea, bronchus, lung cancers",2023,All,Age40_44,[40-44],57,2.75495408,,3.20189462
CG0670,"Trachea, bronchus, lung cancers",2023,All,Age45_49,[45-49],101,3.63832853,,6.25695002
CG0670,"Trachea, bronchus, lung cancers",2023,All,Age50_54,[50-54],212,4.81380563,,12.61689974
CG0670,"Trachea, bronchus, lung cancers",2023,All,Age55_59,[55-59],468,7.90006752,,30.71666307
CG0670,"Trachea, bronchus, lung cancers",2023,All,Age60_64,[60-64],861,9.74974522,,56.76794569
CG0670,"Trachea, bronchus, lung cancers",2023,All,Age65_69,[65-69],1249,10.36084612,,94.1255555
CG0670,"Trachea, bronchus, lung cancers",2023,All,Age70_74,[70-74],1446,8.77693475,,125.1859175
CG0670,"Trachea, bronchus, lung cancers",2023,All,Age75_79,[75-79],1654,7.18974136,,177.6702638
CG0670,"Trachea, bronchus, lung cancers",2023,All,Age80_84,[80-84],1413,5.1190088,,242.3304887
CG0670,"Trachea, bronchus, lung cancers",2023,All,Age85_over,[85+],1476,1.99314014,,263.1747866
CG0670,"Trachea, bronchus, lung cancers",2022,All,Age00,[0],0,0,,0
CG0670,"Trachea, bronchus, lung cancers",2022,All,Age01_04,[1-4],0,0,,0
CG0670,"Trachea, bronchus, lung cancers",2022,All,Age05_09,[5-9],0,0,,0
CG0670,"Trachea, bronchus, lung cancers",2022,All,Age10_14,[10-14],0,0,,0
CG0670,"Trachea, bronchus, lung cancers",2022,All,Age15_19,[15-19],0,0,,0
CG0670,"Trachea, bronchus, lung cancers",2022,All,Age20_24,[20-24],1,0.13774105,,0.06108601
CG0670,"Trachea, bronchus, lung cancers",2022,All,Age25_29,[25-29],0,0,,0
CG0670,"Trachea, bronchus, lung cancers",2022,All,Age30_34,[30-34],14,1.18845501,,0.73130192
CG0670,"Trachea, bronchus, lung cancers",2022,All,Age35_39,[35-39],24,1.55945419,,1.26715276
CG0670,"Trachea, bronchus, lung cancers",2022,All,Age40_44,[40-44],46,2.23953262,,2.6985629
CG0670,"Trachea, bronchus, lung cancers",2022,All,Age45_49,[45-49],100,3.40251786,,6.16629258
CG0670,"Trachea, bronchus, lung cancers",2022,All,Age50_54,[50-54],217,4.78606087,,13.1245978
CG0670,"Trachea, bronchus, lung cancers",2022,All,Age55_59,[55-59],492,7.90869635,,32.0818583
CG0670,"Trachea, bronchus, lung cancers",2022,All,Age60_64,[60-64],898,9.75133022,,60.19783502
CG0670,"Trachea, bronchus, lung cancers",2022,All,Age65_69,[65-69],1185,9.69008096,,90.99886808
CG0670,"Trachea, bronchus, lung cancers",2022,All,Age70_74,[70-74],1481,8.56118851,,129.4889427
CG0670,"Trachea, bronchus, lung cancers",2022,All,Age75_79,[75-79],1734,7.48801658,,198.3382594
CG0670,"Trachea, bronchus, lung cancers",2022,All,Age80_84,[80-84],1421,5.03918579,,251.0294681
CG0670,"Trachea, bronchus, lung cancers",2022,All,Age85_over,[85+],1438,1.82163669,,261.9360315
CG0670,"Trachea, bronchus, lung cancers",2021,All,Age00,[0],0,0,,0
CG0670,"Trachea, bronchus, lung cancers",2021,All,Age01_04,[1-4],0,0,,0
CG0670,"Trachea, bronchus, lung cancers",2021,All,Age05_09,[5-9],0,0,,0
CG0670,"Trachea, bronchus, lung cancers",2021,All,Age10_14,[10-14],0,0,,0
CG0670,"Trachea, bronchus, lung cancers",2021,All,Age15_19,[15-19],0,0,,0
CG0670,"Trachea, bronchus, lung cancers",2021,All,Age20_24,[20-24],1,0.14265335,,0.06161794
CG0670,"Trachea, bronchus, lung cancers",2021,All,Age25_29,[25-29],0,0,,0
CG0670,"Trachea, bronchus, lung cancers",2021,All,Age30_34,[30-34],6,0.54945055,,0.31591667
CG0670,"Trachea, bronchus, lung cancers",2021,All,Age35_39,[35-39],16,1.13394755,,0.85694576
CG0670,"Trachea, bronchus, lung cancers",2021,All,Age40_44,[40-44],48,2.61437908,,2.90136975
CG0670,"Trachea, bronchus, lung cancers",2021,All,Age45_49,[45-49],92,3.25779037,,5.57587923
CG0670,"Trachea, bronchus, lung cancers",2021,All,Age50_54,[50-54],238,5.73355818,,14.7666039
CG0670,"Trachea, bronchus, lung cancers",2021,All,Age55_59,[55-59],543,8.93385982,,35.01411849
CG0670,"Trachea, bronchus, lung cancers",2021,All,Age60_64,[60-64],871,10.49903568,,59.43526265
CG0670,"Trachea, bronchus, lung cancers",2021,All,Age65_69,[65-69],1132,10.07565643,,88.40469357
CG0670,"Trachea, bronchus, lung cancers",2021,All,Age70_74,[70-74],1521,9.33873642,,132.6268042
CG0670,"Trachea, bronchus, lung cancers",2021,All,Age75_79,[75-79],1506,7.62802006,,186.5544532
CG0670,"Trachea, bronchus, lung cancers",2021,All,Age80_84,[80-84],1265,5.00237267,,231.9322061
CG0670,"Trachea, bronchus, lung cancers",2021,All,Age85_over,[85+],1438,2.06117593,,269.1734615
CG0670,"Trachea, bronchus, lung cancers",2020,All,Age00,[0],1,0.10604454,,0.33724197
CG0670,"Trachea, bronchus, lung cancers",2020,All,Age01_04,[1-4],0,0,,0
CG0670,"Trachea, bronchus, lung cancers",2020,All,Age05_09,[5-9],0,0,,0
CG0670,"Trachea, bronchus, lung cancers",2020,All,Age10_14,[10-14],0,0,,0
CG0670,"Trachea, bronchus, lung cancers",2020,All,Age15_19,[15-19],0,0,,0
CG0670,"Trachea, bronchus, lung cancers",2020,All,Age20_24,[20-24],0,0,,0
CG0670,"Trachea, bronchus, lung cancers",2020,All,Age25_29,[25-29],0,0,,0
CG0670,"Trachea, bronchus, lung cancers",2020,All,Age30_34,[30-34],8,0.71364853,,0.41908931
CG0670,"Trachea, bronchus, lung cancers",2020,All,Age35_39,[35-39],15,1.02739726,,0.81499238
CG0670,"Trachea, bronchus, lung cancers",2020,All,Age40_44,[40-44],34,1.87637969,,2.0972611
CG0670,"Trachea, bronchus, lung cancers",2020,All,Age45_49,[45-49],121,4.1781768,,7.19014059
CG0670,"Trachea, bronchus, lung cancers",2020,All,Age50_54,[50-54],246,6.18867925,,15.68553437
CG0670,"Trachea, bronchus, lung cancers",2020,All,Age55_59,[55-59],512,8.68680014,,32.67187673
CG0670,"Trachea, bronchus, lung cancers",2020,All,Age60_64,[60-64],854,10.42735043,,59.32512461
CG0670,"Trachea, bronchus, lung cancers",2020,All,Age65_69,[65-69],1103,10.40369742,,87.34682629
CG0670,"Trachea, bronchus, lung cancers",2020,All,Age70_74,[70-74],1508,9.71461702,,135.7270985
CG0670,"Trachea, bronchus, lung cancers",2020,All,Age75_79,[75-79],1504,8.13500649,,195.8292536
CG0670,"Trachea, bronchus, lung cancers",2020,All,Age80_84,[80-84],1223,5.22359373,,232.1850646
CG0670,"Trachea, bronchus, lung cancers",2020,All,Age85_over,[85+],1348,2.09105716,,259.6226997
CG0670,"Trachea, bronchus, lung cancers",2019,All,Age00,[0],0,0,,0
CG0670,"Trachea, bronchus, lung cancers",2019,All,Age01_04,[1-4],0,0,,0
CG0670,"Trachea, bronchus, lung cancers",2019,All,Age05_09,[5-9],0,0,,0
CG0670,"Trachea, bronchus, lung cancers",2019,All,Age10_14,[10-14],0,0,,0
CG0670,"Trachea, bronchus, lung cancers",2019,All,Age15_19,[15-19],1,0.20964361,,0.06689742
CG0670,"Trachea, bronchus, lung cancers",2019,All,Age20_24,[20-24],0,0,,0
CG0670,"Trachea, bronchus, lung cancers",2019,All,Age25_29,[25-29],2,0.20790021,,0.10569467
CG0670,"Trachea, bronchus, lung cancers",2019,All,Age30_34,[30-34],9,0.80357143,,0.47710961
CG0670,"Trachea, bronchus, lung cancers",2019,All,Age35_39,[35-39],20,1.34498991,,1.12002527
CG0670,"Trachea, bronchus, lung cancers",2019,All,Age40_44,[40-44],46,2.28514655,,2.87659471
CG0670,"Trachea, bronchus, lung cancers",2019,All,Age45_49,[45-49],127,3.98994659,,7.5432833
CG0670,"Trachea, bronchus, lung cancers",2019,All,Age50_54,[50-54],254,6.23007113,,16.48477171
CG0670,"Trachea, bronchus, lung cancers",2019,All,Age55_59,[55-59],557,8.8482923,,35.84974516
CG0670,"Trachea, bronchus, lung cancers",2019,All,Age60_64,[60-64],941,10.78015809,,67.50566911
CG0670,"Trachea, bronchus, lung cancers",2019,All,Age65_69,[65-69],1132,10.02746036,,91.98592908
CG0670,"Trachea, bronchus, lung cancers",2019,All,Age70_74,[70-74],1540,9.76847447,,145.0883814
CG0670,"Trachea, bronchus, lung cancers",2019,All,Age75_79,[75-79],1553,8.19525066,,212.9199788
CG0670,"Trachea, bronchus, lung cancers",2019,All,Age80_84,[80-84],1262,5.21487603,,250.3963286
CG0670,"Trachea, bronchus, lung cancers",2019,All,Age85_over,[85+],1381,2.02656101,,271.9954937
CG0670,"Trachea, bronchus, lung cancers",2018,All,Age00,[0],0,0,,0
CG0670,"Trachea, bronchus, lung cancers",2018,All,Age01_04,[1-4],0,0,,0
CG0670,"Trachea, bronchus, lung cancers",2018,All,Age05_09,[5-9],1,0.97087379,,0.06231632
CG0670,"Trachea, bronchus, lung cancers",2018,All,Age10_14,[10-14],0,0,,0
CG0670,"Trachea, bronchus, lung cancers",2018,All,Age15_19,[15-19],1,0.21786492,,0.06719094
CG0670,"Trachea, bronchus, lung cancers",2018,All,Age20_24,[20-24],1,0.14513788,,0.0577877
CG0670,"Trachea, bronchus, lung cancers",2018,All,Age25_29,[25-29],3,0.36991369,,0.1605042
CG0670,"Trachea, bronchus, lung cancers",2018,All,Age30_34,[30-34],5,0.47483381,,0.26885059
CG0670,"Trachea, bronchus, lung cancers",2018,All,Age35_39,[35-39],14,0.94594595,,0.81121846
CG0670,"Trachea, bronchus, lung cancers",2018,All,Age40_44,[40-44],46,2.49593055,,2.88421145
CG0670,"Trachea, bronchus, lung cancers",2018,All,Age45_49,[45-49],133,4.60845461,,7.93602963
CG0670,"Trachea, bronchus, lung cancers",2018,All,Age50_54,[50-54],274,6.86372745,,17.88531596
CG0670,"Trachea, bronchus, lung cancers",2018,All,Age55_59,[55-59],610,10.08931525,,39.77849249
CG0670,"Trachea, bronchus, lung cancers",2018,All,Age60_64,[60-64],850,10.51459673,,62.51797392
CG0670,"Trachea, bronchus, lung cancers",2018,All,Age65_69,[65-69],1271,11.78707224,,105.0539114
CG0670,"Trachea, bronchus, lung cancers",2018,All,Age70_74,[70-74],1506,10.14824798,,147.9855395
CG0670,"Trachea, bronchus, lung cancers",2018,All,Age75_79,[75-79],1407,7.9245283,,201.7629522
CG0670,"Trachea, bronchus, lung cancers",2018,All,Age80_84,[80-84],1219,5.37241075,,251.5938751
CG0670,"Trachea, bronchus, lung cancers",2018,All,Age85_over,[85+],1259,1.97140754,,252.4275349
CG0670,"Trachea, bronchus, lung cancers",2017,All,Age00,[0],0,0,,0
CG0670,"Trachea, bronchus, lung cancers",2017,All,Age01_04,[1-4],0,0,,0
CG0670,"Trachea, bronchus, lung cancers",2017,All,Age05_09,[5-9],0,0,,0
CG0670,"Trachea, bronchus, lung cancers",2017,All,Age10_14,[10-14],1,0.71428571,,0.06786549
CG0670,"Trachea, bronchus, lung cancers",2017,All,Age15_19,[15-19],0,0,,0
CG0670,"Trachea, bronchus, lung cancers",2017,All,Age20_24,[20-24],0,0,,0
CG0670,"Trachea, bronchus, lung cancers",2017,All,Age25_29,[25-29],0,0,,0
CG0670,"Trachea, bronchus, lung cancers",2017,All,Age30_34,[30-34],7,0.63233966,,0.38181992
CG0670,"Trachea, bronchus, lung cancers",2017,All,Age35_39,[35-39],19,1.33053221,,1.14301734
CG0670,"Trachea, bronchus, lung cancers",2017,All,Age40_44,[40-44],52,2.6183283,,3.24025695
CG0670,"Trachea, bronchus, lung cancers",2017,All,Age45_49,[45-49],117,3.89740173,,7.09091769
CG0670,"Trachea, bronchus, lung cancers",2017,All,Age50_54,[50-54],269,6.68821482,,17.4916687
CG0670,"Trachea, bronchus, lung cancers",2017,All,Age55_59,[55-59],510,8.67642055,,33.82232008
CG0670,"Trachea, bronchus, lung cancers",2017,All,Age60_64,[60-64],863,11.04993598,,64.77242961
CG0670,"Trachea, bronchus, lung cancers",2017,All,Age65_69,[65-69],1198,10.87805321,,100.2410639
CG0670,"Trachea, bronchus, lung cancers",2017,All,Age70_74,[70-74],1471,10.11761469,,153.6308473
CG0670,"Trachea, bronchus, lung cancers",2017,All,Age75_79,[75-79],1334,7.40247489,,197.3442844
CG0670,"Trachea, bronchus, lung cancers",2017,All,Age80_84,[80-84],1071,4.64964835,,228.6048487
CG0670,"Trachea, bronchus, lung cancers",2017,All,Age85_over,[85+],1353,2.05682492,,275.7954344
